genus_full,genus_short,mean_abs_shap,mean_signed_shap,direction,mean_clr_cd,mean_clr_nonIBD
d__Bacteria;p__Firmicutes_A;c__Clostridia;o__Lachnospirales;f__Anaerotignaceae;g__Anaerotignum,g__Anaerotignum,0.37454612554253414,-6.365278674517564e-17,nonIBD,5.373905934500239,4.390277360837834
d__Bacteria;p__Firmicutes_A;c__Clostridia;o__Peptostreptococcales;f__Peptostreptococcaceae;g__Romboutsia,g__Romboutsia,0.3662459223559129,-8.881784197001253e-18,nonIBD,1.1788842105830704,2.3294913987395587
d__Bacteria;p__Firmicutes_A;c__Clostridia;o__Oscillospirales;f__CAG-272;g__Flemingibacterium,g__Flemingibacterium,0.3017611608541271,4.625929269271486e-19,CD,0.13786853942860283,1.6144028197944087
d__Bacteria;p__Desulfobacterota_I;c__Desulfovibrionia;o__Desulfovibrionales;f__Desulfovibrionaceae;g__Bilophila,g__Bilophila,0.28576499308910214,1.4506914188435379e-16,CD,3.820317438812625,5.4800586400051206
d__Bacteria;p__Firmicutes_A;c__Clostridia;o__Oscillospirales;f__CAG-272;g__UMGS902,g__UMGS902,0.19963106304673991,-2.7755575615628914e-19,nonIBD,0.7032687879226003,1.735669371294254
d__Bacteria;p__Bacteroidota;c__Bacteroidia;o__Bacteroidales;f__Rikenellaceae;g__Alistipes_A,g__Alistipes_A,0.19916147155304745,-7.531012850373979e-17,nonIBD,3.3718758445705133,4.580407163131697
d__Bacteria;p__Firmicutes_A;c__Clostridia;o__Oscillospirales;f__Ruminococcaceae;g__UBA1394,g__UBA1394,0.1954054942436563,2.0539125955565396e-17,CD,1.9596324057018022,3.0815845986461814
d__Bacteria;p__Firmicutes_A;c__Clostridia;o__Lachnospirales;f__Lachnospiraceae;g__Caccovicinus,g__Caccovicinus,0.1832380345702656,-1.96139401017111e-17,nonIBD,1.8658434025419448,1.2724421707079043
d__Bacteria;p__Firmicutes_A;c__Clostridia;o__Lachnospirales;f__Lachnospiraceae;g__UMGS1375,g__UMGS1375,0.16776424700632778,1.0732155904709846e-17,CD,2.6326437138732675,3.7820573534608197
d__Bacteria;p__Firmicutes;c__Bacilli;o__Lactobacillales;f__Aerococcaceae;g__Granulicatella,g__Granulicatella,0.16716253946048076,1.258252761241844e-17,CD,1.4174844197152217,0.5472398770786248
d__Bacteria;p__Firmicutes;c__Bacilli;o__Haloplasmatales_A;f__Turicibacteraceae;g__Turicibacter,g__Turicibacter,0.15208338171152577,-2.220446049250313e-18,nonIBD,0.4085980512088006,1.6324745499573592
d__Bacteria;p__Firmicutes;c__Bacilli;o__Lactobacillales;f__Lactobacillaceae;g__Ligilactobacillus,g__Ligilactobacillus,0.1485647398871026,-5.921189464667502e-18,nonIBD,0.3101225368258844,-0.33983462547819543
d__Bacteria;p__Bacteroidota;c__Bacteroidia;o__Bacteroidales;f__Rikenellaceae;g__Alistipes,g__Alistipes,0.14268678293448864,-2.0354088784794535e-17,nonIBD,7.682395109677838,9.067408146122741
d__Bacteria;p__Firmicutes_A;c__Clostridia;o__Lachnospirales;f__Lachnospiraceae;g__Butyribacter,g__Butyribacter,0.1347291556423718,3.3306690738754695e-18,CD,3.76133459129551,5.165446921616043
d__Bacteria;p__Firmicutes_A;c__Clostridia;o__Christensenellales;f__UMGS416;g__Parachristensenella,g__Parachristensenella,0.1309600727189459,3.14563190310461e-18,CD,-0.33207271087127554,0.4500796271585943
d__Bacteria;p__Actinobacteriota;c__Actinomycetia;o__Actinomycetales;f__Dermatophilaceae;g__Tetrasphaera,g__Tetrasphaera,0.12648964401287216,-7.401486830834377e-19,nonIBD,-0.0914190430451639,-0.8602712744745074
d__Bacteria;p__Firmicutes_A;c__Clostridia;o__Oscillospirales;f__Acutalibacteraceae;g__UBA5905,g__UBA5905,0.11446327922730058,-3.4231876592608994e-18,nonIBD,0.9162794448143757,1.4879598333205566
d__Bacteria;p__Firmicutes_A;c__Clostridia;o__Christensenellales;f__CAG-74;g__Pullichristensenella,g__Pullichristensenella,0.11235465283999974,3.3306690738754695e-18,CD,0.07538848174779839,0.9387084842770169
d__Bacteria;p__Firmicutes_A;c__Clostridia;o__Christensenellales;f__CAG-138;g__Aphodomorpha,g__Aphodomorpha,0.110280197292239,-1.1472304587793284e-17,nonIBD,0.8979307117135227,1.5129305647303057
d__Bacteria;p__Firmicutes_A;c__Clostridia;o__Oscillospirales;f__Acutalibacteraceae;g__UMGS856,g__UMGS856,0.10143929360461315,1.905882858939852e-17,CD,2.131816884563721,3.341374749545491
d__Bacteria;p__Firmicutes;c__Bacilli;o__Staphylococcales;f__Gemellaceae;g__Gemella,g__Gemella,0.09718698065489989,2.6830389761774616e-18,CD,0.7048417522739246,-0.035845164136792965
d__Bacteria;p__Bacteroidota;c__Bacteroidia;o__Chitinophagales;f__Chitinophagaceae;g__Arachidicoccus,g__Arachidicoccus,0.09193634763633078,2.0724163126336256e-17,CD,-0.720932612861449,-0.26326114583663734
d__Bacteria;p__Firmicutes_A;c__Clostridia;o__Christensenellales;f__Borkfalkiaceae;g__UBA7597,g__UBA7597,0.09186107297237807,1.295260195396016e-18,CD,-0.0967556668360034,0.8545145277307105
d__Bacteria;p__Actinobacteriota;c__Coriobacteriia;o__Coriobacteriales;f__Eggerthellaceae;g__CAG-1427,g__CAG-1427,0.08609991497418328,-1.8873791418627663e-17,nonIBD,1.5157824219439,2.420625739518172
d__Bacteria;p__Firmicutes_A;c__Clostridia;o__Oscillospirales;f__Ruminococcaceae;g__Falkowella,g__Falkowella,0.08550011044200637,-4.810966440042345e-18,nonIBD,-0.42622399335782013,0.049307661297421326
d__Bacteria;p__Bacteroidota;c__Bacteroidia;o__Bacteroidales;f__Rikenellaceae;g__RGIG9113,g__RGIG9113,0.0826278561019936,7.401486830834377e-19,CD,-0.4153957939894002,0.025524889822727995
d__Bacteria;p__Firmicutes_A;c__Clostridia;o__Lachnospirales;f__DSM-24629;g__Natranaerovirga,g__Natranaerovirga,0.08199937319540884,-3.885780586188048e-18,nonIBD,-0.4725002234530045,-0.9157305862082092
d__Bacteria;p__Cyanobacteria;c__Vampirovibrionia;o__Gastranaerophilales;f__Gastranaerophilaceae;g__Stercorousia,g__Stercorousia,0.08139156699098124,2.752427915216534e-17,CD,2.6235940498895842,3.415322291171972
d__Bacteria;p__Firmicutes_A;c__Clostridia;o__Oscillospirales;f__Ruminococcaceae;g__CAG-353,g__CAG-353,0.07271959807456271,-2.7385501274087195e-17,nonIBD,1.4479871193270089,2.6664444747612444
d__Bacteria;p__Firmicutes_A;c__Clostridia;o__Oscillospirales;f__Ruminococcaceae;g__Metaruminococcus,g__Metaruminococcus,0.07098122483260351,-4.070817756958907e-18,nonIBD,-0.6907454332417173,-0.27218977218536217
d__Bacteria;p__Deinococcota;c__Deinococci;o__Deinococcales;f__Deinococcaceae;g__Deinococcus,g__Deinococcus,0.06880825510986063,-3.191891195797325e-18,nonIBD,0.02616911280308249,0.29046915121942707
d__Bacteria;p__Bacteroidota;c__Bacteroidia;o__Bacteroidales;f__Rikenellaceae;g__DSM-108975,g__DSM-108975,0.06211295017985177,3.7007434154171887e-19,CD,-0.19505265533555932,0.2926528968631557
d__Bacteria;p__Firmicutes_A;c__Clostridia;o__UBA1381;f__UBA1381;g__Ornithomonoglobus,g__Ornithomonoglobus,0.05512850590744601,-2.914335439641036e-18,nonIBD,-0.30869296914741484,0.01054523886198283
d__Bacteria;p__Firmicutes;c__Bacilli;o__Lactobacillales;f__Lactobacillaceae;g__Lentilactobacillus,g__Lentilactobacillus,0.05493623565571844,1.3507713466272739e-17,CD,-0.5309304890504141,-0.8608084775555416
d__Bacteria;p__Firmicutes_A;c__Clostridia;o__Oscillospirales;f__Ruminococcaceae;g__CAG-115,g__CAG-115,0.05293489187418403,5.77518357210612e-18,CD,1.6701082914574175,3.422580899533826
d__Bacteria;p__Firmicutes_A;c__Clostridia;o__Oscillospirales;f__CAG-382;g__SFLA01,g__SFLA01,0.050570462534225515,-1.1102230246251566e-18,nonIBD,-0.3398973997484089,0.34904652462127667
d__Bacteria;p__Desulfobacterota_I;c__Desulfovibrionia;o__Desulfovibrionales;f__Desulfovibrionaceae;g__Solidesulfovibrio,g__Solidesulfovibrio,0.04989852329585247,-1.0177044392397268e-17,nonIBD,-0.8454868632956392,-0.6414009425532543
d__Bacteria;p__Proteobacteria;c__Alphaproteobacteria;o__Reyranellales;f__Reyranellaceae;g__Reyranella,g__Reyranella,0.049645543896301575,3.7007434154171884e-18,CD,-0.35797847749912365,-0.09043036976803251
d__Bacteria;p__Proteobacteria;c__Gammaproteobacteria;o__Diplorickettsiales;f__Diplorickettsiaceae;g__Diplorickettsia,g__Diplorickettsia,0.04890768879441976,1.1102230246251566e-18,CD,-0.30576536540967225,-0.9300847204002498
d__Bacteria;p__Firmicutes_A;c__Clostridia;o__Christensenellales;f__Borkfalkiaceae;g__UBA10281,g__UBA10281,0.048896242013560805,2.590520390792032e-18,CD,0.3922405068439484,1.339372929507399
d__Bacteria;p__Firmicutes_A;c__Clostridia;o__Oscillospirales;f__Ruminococcaceae;g__Pygmaiobacter,g__Pygmaiobacter,0.048061498732206456,4.2558549277297664e-18,CD,0.23562378350443705,1.1102356178258974
d__Bacteria;p__Firmicutes;c__Bacilli;o__RFN20;f__CAG-826;g__RUG13091,g__RUG13091,0.046808326305405566,-2.220446049250313e-18,nonIBD,-0.6674371692494604,-1.018625742921877
d__Bacteria;p__Firmicutes_A;c__Clostridia;o__Lachnospirales;f__Vallitaleaceae;g__W11650,g__W11650,0.045432206897208095,1.942890293094024e-18,CD,-0.28093039027551403,-0.6317432798008571
d__Bacteria;p__Proteobacteria;c__Gammaproteobacteria;o__Burkholderiales;f__Burkholderiaceae;g__Paraburkholderia,g__Paraburkholderia,0.04348725468366573,8.974302782386681e-18,CD,0.5069936530244269,0.7565784696675839
d__Bacteria;p__Firmicutes_A;c__Clostridia;o__Christensenellales;f__CAG-552;g__Protoclostridium,g__Protoclostridium,0.04296787582332045,-5.088522196198634e-19,nonIBD,-0.018563753235711855,0.35227401538642594
d__Bacteria;p__Proteobacteria;c__Gammaproteobacteria;o__Chromatiales;f__Chromatiaceae;g__Chromatium,g__Chromatium,0.042717751936118216,7.123931074678087e-18,CD,-0.33794082204706677,-0.9196207084825829
d__Bacteria;p__Bacteroidota;c__Bacteroidia;o__Bacteroidales;f__GWA2-32-17;g__Ch61,g__Ch61,0.038219051099001186,1.1564823173178714e-17,CD,-0.673499537320227,-1.0019028944300352
d__Bacteria;p__Firmicutes_A;c__Clostridia;o__Oscillospirales;f__CAG-272;g__UMGS1865,g__UMGS1865,0.03700228175405045,1.3302437854948815e-17,CD,0.9992920386453586,1.6025351551263871
d__Bacteria;p__Proteobacteria;c__Gammaproteobacteria;o__Enterobacterales;f__Alteromonadaceae;g__Pseudidiomarina,g__Pseudidiomarina,0.03683239611628464,3.7007434154171887e-19,CD,-0.5761989144167247,-1.005255165905787
d__Bacteria;p__Firmicutes_A;c__Clostridia;o__Peptostreptococcales;f__Filifactoraceae;g__Filifactor,g__Filifactor,0.03668531966889535,-3.86265093984169e-18,nonIBD,-0.6945001086933592,-0.939711616783797
d__Bacteria;p__Firmicutes_A;c__Clostridia;o__Oscillospirales;f__Acutalibacteraceae;g__UBA8612,g__UBA8612,0.03604119447488144,8.789265611615823e-19,CD,-0.5020067961990315,-0.1526439796535732
d__Bacteria;p__Proteobacteria;c__Alphaproteobacteria;o__DSM-16000;f__Inquilinaceae;g__Inquilinus,g__Inquilinus,0.03539066940203792,1.1564823173178713e-18,CD,-0.6770421848694383,-1.013072853378445
d__Bacteria;p__Firmicutes_A;c__Clostridia;o__Oscillospirales;f__Acutalibacteraceae;g__RUG806,g__RUG806,0.033640264377941285,-7.031412489292659e-18,nonIBD,0.5562331696942251,0.9530169202496576
d__Bacteria;p__Firmicutes_A;c__Clostridia;o__Oscillospirales;f__CAG-272;g__UBA4717,g__UBA4717,0.03303750292290409,3.7007434154171887e-19,CD,-0.5208822053503849,0.03803152942771777
d__Bacteria;p__Firmicutes_A;c__Clostridia;o__Clostridiales;f__Clostridiaceae;g__Haloimpatiens,g__Haloimpatiens,0.0312348439986646,4.625929269271486e-19,CD,-0.7206962385459463,-1.0584980394016783
d__Bacteria;p__Proteobacteria;c__Gammaproteobacteria;o__Chromatiales;f__Chromatiaceae;g__Thiorhodococcus,g__Thiorhodococcus,0.029154004120810668,1.8503717077085944e-19,CD,-0.344696587301286,-0.9323611472486266
d__Bacteria;p__Riflebacteria;c__Ozemobacteria;o__Ozemobacterales;f__Ozemobacteraceae;g__JADFXM01,g__JADFXM01,0.02750493767947818,7.494005416219807e-18,CD,-0.7226991105380595,-1.0021505724170763
d__Bacteria;p__Firmicutes_A;c__Clostridia;o__Oscillospirales;f__CAG-272;g__CAG-841,g__CAG-841,0.026547703185079024,0.0,nonIBD,0.010957201721603685,0.8254221754077269
d__Bacteria;p__Firmicutes_A;c__Clostridia;o__Oscillospirales;f__CAG-272;g__UBA1740,g__UBA1740,0.024495887643126043,-5.551115123125783e-19,nonIBD,1.528887192820649,2.0864867401884792
d__Bacteria;p__Actinobacteriota;c__Coriobacteriia;o__Coriobacteriales;f__Atopobiaceae;g__Coprovicinus,g__Coprovicinus,0.02406453253744396,9.251858538542971e-19,CD,0.279006748321283,0.7859242464302257
d__Bacteria;p__Proteobacteria;c__Gammaproteobacteria;o__Burkholderiales;f__Burkholderiaceae;g__Giesbergeria,g__Giesbergeria,0.02389505864399383,-3.7007434154171884e-18,nonIBD,-0.8000080252282602,-1.049023580887874
d__Bacteria;p__Firmicutes_A;c__Clostridia;o__Tissierellales;f__Tepidimicrobiaceae;g__DUNJ01,g__DUNJ01,0.023245614236233773,2.7755575615628915e-18,CD,-0.727193350123973,-1.0411894124762164
d__Bacteria;p__Firmicutes;c__Bacilli;o__Erysipelotrichales;f__Coprobacillaceae;g__UBA3379,g__UBA3379,0.02261901825643551,1.1102230246251566e-18,CD,-0.6483393907766768,-0.9328203609518226
d__Bacteria;p__Firmicutes_A;c__Clostridia;o__Oscillospirales;f__CAG-272;g__SIG693,g__SIG693,0.021970609473756782,5.551115123125783e-18,CD,-0.6369746046158936,-0.34915423086253183
d__Bacteria;p__Firmicutes_A;c__Clostridia;o__Tissierellales;f__Peptoniphilaceae;g__Peptoniphilus,g__Peptoniphilus,0.021402496005325712,-1.3805507662982089e-18,nonIBD,-0.615826994452028,-0.9298757502850266
d__Bacteria;p__Firmicutes_A;c__Clostridia;o__Oscillospirales;f__Acutalibacteraceae;g__UBA1425,g__UBA1425,0.020823881507592457,1.295260195396016e-18,CD,-0.4230031656327424,-0.10650059211993722
d__Bacteria;p__Actinobacteriota;c__Coriobacteriia;o__Coriobacteriales;f__Eggerthellaceae;g__Aphodovivens,g__Aphodovivens,0.02016405086274467,1.8503717077085944e-19,CD,0.08020218937053714,0.7067739732905844
d__Bacteria;p__Firmicutes_A;c__Clostridia;o__Oscillospirales;f__CAG-272;g__CAG-390,g__CAG-390,0.020000164284196688,-8.008640047426259e-19,nonIBD,0.31217712058940095,0.9628596459617842
d__Bacteria;p__Proteobacteria;c__Gammaproteobacteria;o__Burkholderiales;f__SG8-41;g__UBA5216,g__UBA5216,0.018718749599318196,6.47630097698008e-19,CD,-0.7254071447629252,-1.0276847024734341
d__Bacteria;p__Cloacimonadota;c__Cloacimonadia;o__Cloacimonadales;f__TCS61;g__JABMPU01,g__JABMPU01,0.017041580083445015,2.868076146948321e-18,CD,-0.7076731921140627,-1.0745524617972986
d__Bacteria;p__Actinobacteriota;c__Coriobacteriia;o__Coriobacteriales;f__Atopobiaceae;g__Lancefieldella,g__Lancefieldella,0.016500685032634063,-6.085988194885298e-19,nonIBD,-0.044680345436898035,-0.42282843453259245
d__Bacteria;p__Fusobacteriota;c__Fusobacteriia;o__Fusobacteriales;f__Leptotrichiaceae;g__Leptotrichia_A,g__Leptotrichia_A,0.016478886634985392,-2.359223927328458e-18,nonIBD,-0.7821364213709788,-1.0344608325675577
d__Bacteria;p__Firmicutes_A;c__Clostridia;o__Oscillospirales;f__Oscillospiraceae;g__UBA2922,g__UBA2922,0.016426587626932866,-2.960594732333751e-18,nonIBD,-0.5628275582111882,-0.22664015586281264
d__Bacteria;p__Firmicutes_A;c__Clostridia;o__Lachnospirales;f__Lachnospiraceae;g__RGIG6919,g__RGIG6919,0.015647043288320586,-2.2782701651162066e-17,nonIBD,-0.8091087795362749,-1.0424200407107755
d__Bacteria;p__Bacteroidota;c__Bacteroidia;o__Bacteroidales;f__Bacteroidaceae;g__Alloprevotella,g__Alloprevotella,0.015451929673701258,-1.1900203045200897e-17,nonIBD,4.719878193063606,5.1516152099368835
d__Bacteria;p__Bacteroidota;c__Bacteroidia;o__Flavobacteriales;f__Flavobacteriaceae;g__MAG-121220-bin8,g__MAG-121220-bin8,0.015109834423598088,1.1449174941446927e-18,CD,-0.460304704274936,-0.7883784044844945
d__Bacteria;p__Firmicutes_A;c__Clostridia;o__Christensenellales;f__Christensenellaceae;g__NSJ-63,g__NSJ-63,0.01402511913652165,6.938893903907229e-19,CD,0.3529275539914789,1.2643240636784958
d__Bacteria;p__Proteobacteria;c__Gammaproteobacteria;o__Pseudomonadales;f__Halomonadaceae;g__Halomonas_C,g__Halomonas_C,0.013511304069394164,-5.655198531684391e-18,nonIBD,-0.7761800957654147,-1.0253349320011416
d__Bacteria;p__Proteobacteria;c__Gammaproteobacteria;o__Enterobacterales;f__Shewanellaceae;g__Parashewanella,g__Parashewanella,0.013296293040989096,-1.295260195396016e-18,nonIBD,-0.6268735875012778,-0.9354852796329004
d__Bacteria;p__Proteobacteria;c__Gammaproteobacteria;o__Thiomicrospirales;f__Thiomicrospiraceae;g__Hydrogenovibrio,g__Hydrogenovibrio,0.012744547680536346,2.7755575615628914e-19,CD,-0.8288770805981918,-1.0443731630031157
d__Bacteria;p__Bacteroidota;c__Bacteroidia;o__Cytophagales;f__Cyclobacteriaceae;g__SZUA-3,g__SZUA-3,0.009431684437959432,1.1102230246251566e-18,CD,-0.6965291395385375,-1.0337833045210647
d__Bacteria;p__Firmicutes_A;c__Clostridia;o__Christensenellales;f__Christensenellaceae;g__CAJJPW01,g__CAJJPW01,0.009237898425476364,-6.360652745248293e-20,nonIBD,1.1364539199621195,1.8551913867450922
d__Bacteria;p__Bacteroidota;c__Bacteroidia;o__Chitinophagales;f__Saprospiraceae;g__JAAFJT01,g__JAAFJT01,0.008470534521094097,-3.7007434154171887e-19,nonIBD,-0.7739778424379637,-0.9305163375986308
d__Bacteria;p__Bacteroidota;c__Bacteroidia;o__Chitinophagales;f__Chitinophagaceae;g__Cnuella,g__Cnuella,0.008323764560012662,7.864079757761525e-19,CD,-0.8011510334039165,-1.0242208186151356
d__Bacteria;p__Firmicutes_A;c__Clostridia;o__TANB77;f__CAG-465;g__UMGS1649,g__UMGS1649,0.00765968531723569,-6.892634611214513e-18,nonIBD,-0.8378149097796598,-1.0005631638246872
d__Bacteria;p__Proteobacteria;c__Gammaproteobacteria;o__Enterobacterales;f__Enterobacteriaceae;g__RHBSTW-00994,g__RHBSTW-00994,0.0074910229602752135,7.401486830834377e-19,CD,-0.521303099249044,-0.9331205495322765
d__Bacteria;p__Bacteroidota;c__Bacteroidia;o__Chitinophagales;f__Chitinophagaceae;g__Flaviaesturariibacter,g__Flaviaesturariibacter,0.0071645130649922095,-6.469072962496843e-19,nonIBD,-0.617562629409782,-0.8452326035012384
d__Bacteria;p__Firmicutes_A;c__Clostridia;o__Oscillospirales;f__Ruminococcaceae;g__UMGS1889,g__UMGS1889,0.006254144934036187,1.5034270125132329e-19,CD,-0.08889964738922092,0.6459009690116398
d__Bacteria;p__Firmicutes_A;c__Clostridia;o__Oscillospirales;f__Ruminococcaceae;g__Firm-04,g__Firm-04,0.00574177285671255,6.938893903907229e-20,CD,0.5366975689069341,1.1317308317217543
d__Bacteria;p__Firmicutes_A;c__Clostridia;o__Peptostreptococcales;f__Peptostreptococcaceae;g__Peptoclostridium_A,g__Peptoclostridium_A,0.005406998021834447,-4.163336342344337e-19,nonIBD,-0.8589569145101218,-1.045997580902062
d__Bacteria;p__Firmicutes_A;c__Clostridia;o__Oscillospirales;f__Acutalibacteraceae;g__RGIG4076,g__RGIG4076,0.005397421259684277,-2.312964634635743e-19,nonIBD,-0.3602973413814681,0.11649380093580722
d__Bacteria;p__Firmicutes_A;c__Clostridia;o__Lachnospirales;f__Lachnospiraceae;g__TB5,g__TB5,0.005348764374645655,-1.1564823173178713e-18,nonIBD,-0.7380340543510107,-0.9460700846972288
d__Bacteria;p__Firmicutes;c__Bacilli;o__Bacillales_B;f__Domibacillaceae;g__Domibacillus,g__Domibacillus,0.0045685286405835615,2.9490299091605723e-19,CD,-0.6533001658985632,-0.966890978160409
d__Bacteria;p__Patescibacteria;c__Microgenomatia;o__Daviesbacterales;f__UBA10151;g__2-12-FULL-37-11,g__2-12-FULL-37-11,0.0039548802023664335,8.789265611615823e-19,CD,-0.6052811624461067,-0.9929725414945291
d__Bacteria;p__Desulfobacterota;c__Desulfobacteria;o__Desulfobacterales;f__Desulfobacteraceae;g__NBML01,g__NBML01,0.0033657121771797725,-4.04768811061255e-18,nonIBD,-0.8454855385155791,-1.0745524617972986
d__Bacteria;p__Proteobacteria;c__Gammaproteobacteria;o__Burkholderiales;f__Burkholderiaceae;g__Oligella,g__Oligella,0.0029791457313475466,-1.4456028966473393e-18,nonIBD,-0.8747681078760826,-1.0745524617972986
d__Bacteria;p__Firmicutes_A;c__Clostridia;o__Oscillospirales;f__Acutalibacteraceae;g__JAGZMM01,g__JAGZMM01,0.0017344989327810535,3.758567531283082e-20,CD,0.30630840579034146,0.6623677584513487
d__Bacteria;p__Firmicutes_A;c__Clostridia;o__Christensenellales;f__CAG-74;g__Faecivicinus,g__Faecivicinus,0.001502021915557586,1.1564823173178715e-20,CD,-0.0509330418648711,0.5664232587943917
d__Bacteria;p__OLB16;c__OLB16;o__SURF-12;f__SURF-12;g__JAFGTC01,g__JAFGTC01,0.0012127625039544613,3.1514143146911996e-19,CD,-0.7860855894189392,-1.0265693032629264
d__Bacteria;p__Firmicutes_A;c__Clostridia;o__Peptostreptococcales;f__Acidaminobacteraceae;g__Fusibacter_A,g__Fusibacter_A,0.0009647080378113835,-2.8912057932946783e-19,nonIBD,-0.8054811551513349,-1.0226748146544424
